log_annual_credit,log_annual_debit,net_savings_ratio,monthly_burn_rate,salary_inflow_ratio,monthly_credit_cv,salary_regularity_score,bonus_lump_sum_ratio,investment_ratio,fixed_obligation_ratio,discretionary_ratio,tax_shield_ratio,upi_velocity_index,micro_spend_density,log_avg_ticket_size,capital_gains_flux,account_number,bank_name,total_transactions,raw_annual_credits,raw_annual_debits
19.6348,19.6758,-0.0418,1.0418,0.4854,0.0835,0.25,0.0,0.0,0.0415,0.0,0.0,0.1282,0.0,14.6057,0.0011,10808517005,UNITY NATIONAL BANK,312,336743382.08000004,350816479.96000004
14.3061,14.5428,-0.2671,1.2671,0.5115,1.1478,0.6667,0.0,0.0,0.0,0.0,0.0,0.141,0.0002,9.3817,0.0,11447241261,Trustmark Bank,312,1633303.2,2069536.8599999996
17.9523,17.9115,0.0399,0.9601,0.3693,0.6367,0.25,0.177,0.0,0.0,0.0,0.0,0.1375,0.0,13.5501,0.0002,11471507452,UNITY NATIONAL BANK,160,62598414.86,60099183.57
16.8752,16.8934,-0.0184,1.0184,0.5682,0.3993,0.25,0.0,0.0,0.021,0.0,0.0002,0.125,0.0,12.4535,0.0,12202795223,HERITAGE BANK LIMITED,168,21320766.810000002,21713051.45
17.1994,17.0298,0.156,0.844,0.533,0.1292,0.25,0.0,0.0,0.0053,0.0,0.0,0.1481,0.0,12.7238,0.0,12305639216,PROSPERITY BANK LIMITED,162,29486102.84,24886818.59
17.2668,17.2849,-0.0183,1.0183,0.6345,1.064,0.8333,0.0,0.0,0.0047,0.0,0.0001,0.1446,0.0,12.1639,0.0016,12878101014,Paramount Banking Corporation,332,31541400.760000005,32118116.88
17.4629,17.5022,-0.04,1.04,0.4621,1.4028,0.8333,0.0,0.0,0.0146,0.0,0.0,0.1242,0.0,12.4014,0.0017,13598629960,Cornerstone Bank of India,322,38375967.48,39912903.33999999
16.2124,16.2654,-0.0544,1.0544,0.5837,0.9593,0.75,0.0,0.0,0.0,0.0,0.0,0.1313,0.0,11.1641,0.0018,14122077088,Synergy Bank Limited,320,10988756.0,11586748.84
17.7439,17.7612,-0.0174,1.0174,0.6191,1.2228,0.5833,0.0,0.0,0.0,0.0,0.0,0.097,0.0,12.6466,0.0,14654775355,Trustmark Bank,330,50822916.36,51709711.58
16.3941,16.3678,0.0259,0.9741,0.3601,0.6623,0.25,0.0,0.0,0.0163,0.0,0.0,0.1111,0.0,11.9866,0.0014,14765922344,PARAMOUNT BANKING CORPORATION,162,13178560.250000002,12836645.129999997
17.2405,17.2667,-0.0266,1.0266,0.3632,0.6194,0.25,0.0,0.0,0.0221,0.0,0.0,0.0843,0.0,12.8348,0.0021,14810748746,SYNERGY BANK LIMITED,166,30720939.470000003,31539358.14
17.6032,17.5312,0.0694,0.9306,0.261,0.4711,0.25,0.0,0.0,0.0147,0.0,0.0,0.0988,0.0,13.1734,0.0,14881785352,METROPOLITAN BANK,162,44152619.73,41087401.919999994
16.1944,16.3573,-0.1769,1.1769,0.7692,1.6974,0.8333,0.366,0.0,0.0003,0.0,0.0003,0.0943,0.0,11.2102,0.0,16012081629,Prosperity Bank Limited,318,10792808.999999998,12701934.940000001
18.4006,18.4016,-0.001,1.001,0.4182,0.83,0.25,0.0,0.0,0.0076,0.0,0.0,0.0932,0.0,14.0129,0.0024,16326761553,ROYAL COMMERCE BANK,161,98016654.2,98113685.41000001
16.0317,16.1078,-0.0792,1.0792,0.7989,1.5759,0.9167,0.0,0.0,0.0143,0.0,0.0004,0.1083,0.0,11.0142,0.0,16458699767,Paramount Banking Corporation,314,9171859.040000001,9898032.920000002
16.6308,16.6607,-0.0304,1.0304,0.4902,0.2944,0.25,0.0,0.0,0.0092,0.0,0.0,0.0988,0.0,12.2514,0.0007,17070262016,CITADEL BANK OF INDIA,162,16697959.820000002,17205234.61
16.9196,16.8804,0.0384,0.9616,0.7418,1.2254,0.5833,0.0,0.0,0.0003,0.0,0.0002,0.0964,0.0,11.7882,0.0,17646731106,Milestone Banking Solutions,332,22288183.82,21432193.880000003
18.796,18.8078,-0.0118,1.0118,0.325,0.077,0.25,0.0,0.0,0.0,0.0,0.0,0.1024,0.0,14.3831,0.0007,17809366258,PROGRESSIVE NATIONAL BANK,166,145552336.21,147275674.13
18.6655,18.6145,0.0498,0.9502,0.401,0.5432,0.25,0.0,0.0,0.0,0.0,0.0,0.1258,0.0,14.2646,0.0004,19231389954,PARAMOUNT BANKING CORPORATION,159,127743679.46999998,121386308.49000001
20.9759,20.9734,0.0025,0.9975,0.4995,0.8306,0.25,0.0,0.0,0.0023,0.001,0.0,0.0859,0.0,15.8809,0.0,19571944444,ZENITH BANK OF INDIA,326,1287435904.3000002,1284224170.62
17.2456,17.2657,-0.0204,1.0204,0.6178,1.8805,0.9167,0.0,0.0,0.0,0.0,0.0,0.1615,0.0,12.1743,0.0007,19772027205,Velocity Banking Corporation,322,30878173.159999996,31506729.1
17.3262,17.3477,-0.0218,1.0218,0.5016,1.1116,0.8333,0.0,0.0,0.0063,0.0,0.0,0.152,0.0,12.1954,0.0,20590572906,Velocity Banking Corporation,342,33471358.46,34200411.44
17.4187,17.4555,-0.0375,1.0375,0.4086,0.6305,0.25,0.0,0.0,0.0,0.0,0.0,0.1083,0.0,12.381,0.0008,20958186436,INDUSBANK LIMITED,314,36713463.0,38089553.60000001
19.2611,19.2668,-0.0057,1.0057,0.27,0.1291,0.25,0.0,0.0,0.0172,0.0,0.0001,0.1429,0.0,14.14,0.0003,20991457357,INDUSBANK LIMITED,336,231740042.74,233065409.88000003
17.6117,17.6532,-0.0424,1.0424,0.3526,0.2465,0.25,0.0,0.0,0.0304,0.0,0.0,0.1474,0.0,13.276,0.0,21831182025,HERITAGE BANK LIMITED,156,44532044.86999999,46419308.62
18.4056,18.445,-0.0402,1.0402,0.2589,0.5157,0.25,0.0,0.0,0.0095,0.0,0.0,0.1235,0.0,14.031,0.0079,22016692575,PROGRESSIVE NATIONAL BANK,162,98500672.52,102457153.85
17.035,17.0902,-0.0568,1.0568,0.6549,1.8452,0.75,0.0,0.0,0.0197,0.0,0.0,0.0909,0.0,11.9571,0.0,22079126167,Zenith Bank of India,330,25015762.26,26435811.5
18.9355,18.9763,-0.0416,1.0416,0.2636,0.3271,0.25,0.0,0.0,0.0054,0.0,0.0,0.0949,0.0,13.8935,0.0019,22643911066,PROSPERITY BANK LIMITED,316,167335190.47999996,174302864.01999998
17.505,17.5208,-0.0159,1.0159,0.558,0.9423,1.0,0.0,0.0,0.0045,0.0,0.0,0.1463,0.0,12.413,0.0,22809696940,Prosperity Bank Limited,328,40023251.5,40661181.42
18.557,18.4423,0.1083,0.8917,0.3697,0.4128,0.25,0.0,0.0,0.0067,0.0,0.0,0.0409,0.0,13.3596,0.0025,23045836964,PROGRESSIVE NATIONAL BANK,342,114599546.40000002,102190538.12000002
16.7196,16.7133,0.0063,0.9937,0.5939,1.51,0.75,0.0,0.0,0.0,0.0,0.0,0.1195,0.0,11.6476,0.0,23628882378,Milestone Banking Solutions,318,18249178.979999997,18134438.54
18.0401,18.0738,-0.0342,1.0342,0.3584,0.584,0.25,0.0,0.0,0.0,0.0,0.0,0.0932,0.0,12.9757,0.0004,23908718914,UNITY NATIONAL BANK,322,68347046.94,70686603.11999999
16.5036,16.4947,0.0089,0.9911,0.5006,1.4694,0.5833,0.0,0.0,0.0141,0.0,0.0,0.1341,0.0,11.3993,0.0021,24803708563,Prosperity Bank Limited,328,14703424.260000002,14572647.26
17.6204,17.6375,-0.0172,1.0172,0.541,1.3265,0.8333,0.0,0.0,0.0094,0.0,0.0,0.131,0.0,12.505,0.0,25917303966,Velocity Banking Corporation,336,44921387.6,45694281.17999999
18.1287,18.1419,-0.0133,1.0133,0.6931,0.6897,0.5833,0.0,0.0,0.0037,0.0,0.0,0.1582,0.0,13.0727,0.0,26530104061,Zenith Bank of India,316,74677970.46000001,75667816.9
18.4262,18.4412,-0.0151,1.0151,0.3606,0.2695,0.25,0.2431,0.0,0.0,0.0,0.0,0.1887,0.0,14.058,0.0037,27149236267,UNITY NATIONAL BANK,159,100558406.34,102074434.39
18.9031,18.8998,0.0033,0.9967,0.3831,2.0001,0.9167,0.0,0.0,0.0039,0.0,0.0,0.0854,0.0,13.8016,0.0005,27432086127,Citadel Bank of India,328,162005226.2,161466478.57999998
16.478,16.4497,0.0279,0.9721,0.4904,1.4909,0.9167,0.0,0.0,0.0384,0.0,0.0,0.0756,0.0,11.3164,0.0,28326369767,Prosperity Bank Limited,344,14331209.02,13931605.36
17.4606,17.5126,-0.0534,1.0534,0.4872,0.6527,0.25,0.1927,0.0,0.0159,0.0,0.0001,0.1,0.0,13.0443,0.0007,28418326200,TRUSTMARK BANK,170,38286093.589999996,40330422.11
17.0953,16.9482,0.1369,0.8631,0.4088,1.5227,0.75,0.0,0.0,0.0207,0.0,0.0,0.1173,0.0,11.9369,0.0013,28579606781,Unity National Bank,324,26571369.519999996,22934974.78
17.4803,17.5067,-0.0267,1.0267,0.4642,1.3075,0.8333,0.0,0.0,0.0096,0.0,0.0002,0.122,0.0,12.3937,0.0,29429783003,Prosperity Bank Limited,328,39049048.56,40091226.64
17.9448,17.9927,-0.0491,1.0491,0.5947,1.8088,0.8333,0.0,0.0,0.0,0.0,0.0,0.1019,0.0,12.9128,0.0,30330738461,IndusBank Limited,314,62132250.55999999,65182233.28
17.7186,17.744,-0.0257,1.0257,0.4866,1.9464,0.6667,0.0,0.0,0.0014,0.0,0.0,0.0955,0.0,12.6751,0.0,30438140548,Velocity Banking Corporation,314,49556538.32,50827885.42
16.5847,16.4593,0.1179,0.8821,0.3579,1.379,0.8333,0.0,0.0,0.0,0.0,0.0,0.1572,0.0,11.4551,0.0,30688915576,Metropolitan Bank,318,15945726.600000001,14066209.04
16.1504,16.0746,0.073,0.927,0.5807,1.8455,0.8333,0.0,0.0,0.0,0.0,0.0,0.1062,0.0,11.0381,0.0,31205880445,Royal Commerce Bank,320,10328667.54,9574328.18
18.1201,18.1235,-0.0034,1.0034,0.6012,0.4917,0.25,0.3257,0.0,0.0,0.0,0.0,0.1338,0.0,13.7587,0.0015,31756224809,PROSPERITY BANK LIMITED,157,74038765.08,74289171.17999999
19.5929,19.5668,0.0258,0.9742,0.3906,0.0582,0.25,0.0,0.0,0.0123,0.0,0.0,0.0602,0.0,14.4679,0.0,32365443600,HERITAGE BANK LIMITED,332,322906468.78,314584681.46000004
16.5885,16.6067,-0.0184,1.0184,0.5171,1.3816,0.9167,0.0,0.0,0.0097,0.0,0.0002,0.1447,0.0,11.5287,0.0,32777244028,Metropolitan Bank,318,16005779.540000003,16300422.7
17.6249,17.443,0.1663,0.8337,0.6301,1.0956,0.75,0.0,0.0,0.0126,0.0,0.0003,0.1394,0.0,12.4322,0.001,32876875052,Zenith Bank of India,330,45124035.5,37618664.879999995
18.7054,18.7268,-0.0216,1.0216,0.5514,0.0804,0.25,0.0,0.0,0.0147,0.0,0.0,0.1566,0.0,14.2973,0.0014,32902987530,CORNERSTONE BANK OF INDIA,166,132932515.14,135810243.42
19.0037,19.046,-0.0432,1.0432,0.597,1.346,0.9167,0.0,0.0,0.0,0.0,0.0,0.1529,0.0,13.9688,0.0,33326806934,Unity National Bank,314,179144944.82,186890395.59999996
18.9332,18.9201,0.013,0.987,0.4327,0.3739,0.25,0.0,0.0,0.0,0.0,0.0,0.1139,0.0,14.5572,0.0005,33812359982,HERITAGE BANK LIMITED,158,166949783.69,164771804.16
18.6259,18.5946,0.0308,0.9692,0.2787,0.6704,0.25,0.0,0.0,0.0,0.0,0.0001,0.1266,0.0,13.5478,0.0,34068224171,INDUSBANK LIMITED,316,122773541.97999999,118997957.39999998
16.4754,16.5639,-0.0925,1.0925,0.3649,1.1179,0.8333,0.0,0.0,0.0073,0.0,0.0,0.1152,0.0,11.4147,0.0,34724033396,IndusBank Limited,330,14294094.56,15616789.42
18.4206,18.3467,0.0713,0.9287,0.3535,0.389,0.25,0.0,0.0,0.0093,0.0,0.0001,0.1131,0.0,13.9535,0.0027,35138592445,CORNERSTONE BANK OF INDIA,168,99995835.06,92871002.67999998
19.096,19.0857,0.0102,0.9898,0.5607,0.3412,0.25,0.2011,0.0,0.0,0.0245,0.0,0.1472,0.0,14.6903,0.002,35241427512,METROPOLITAN BANK,163,196461187.23,194461601.45
15.1249,15.0187,0.1007,0.8993,0.2122,1.3751,0.9167,0.0,0.0,0.0267,0.0,0.0021,0.1294,0.0,9.9374,0.0,35522670848,Velocity Banking Corporation,340,3703746.4599999995,3330673.9999999995
17.6188,17.7174,-0.1036,1.1036,0.3779,0.1658,0.25,0.0,0.0,0.0,0.0,0.0,0.0897,0.0,13.3126,0.0008,36606732752,INDUSBANK LIMITED,156,44847766.06,49493909.21
19.387,19.4073,-0.0205,1.0205,0.3548,0.4172,0.25,0.0,0.0,0.045,0.0,0.0,0.1346,0.0,15.0405,0.0002,36647942606,HERITAGE BANK LIMITED,156,262833857.52,268223379.05
17.6859,17.7198,-0.0345,1.0345,0.4874,0.884,0.8333,0.0,0.0,0.0047,0.0,0.0,0.1529,0.0,12.6468,0.0,37186125578,Heritage Bank Limited,314,47961400.58,49616902.379999995
17.1056,17.1499,-0.0453,1.0453,0.4453,1.626,0.75,0.0,0.0,0.0341,0.0,0.0,0.1212,0.0,12.0221,0.004,38441805277,Paramount Banking Corporation,330,26846222.44,28061488.919999998
15.8829,15.9013,-0.0186,1.0186,0.368,1.341,0.6667,0.0,0.0,0.0,0.0,0.0,0.098,0.0,10.8617,0.0,39454357357,Citadel Bank of India,306,7904236.620000001,8051289.0200000005
17.2627,17.4163,-0.1659,1.1659,0.3975,0.099,0.25,0.0,0.0,0.0127,0.0,0.0,0.15,0.0,12.9604,0.0035,40000246936,PARAMOUNT BANKING CORPORATION,160,31413415.569999997,36626404.70999999
18.2496,18.2898,-0.0411,1.0411,0.4899,0.4147,0.25,0.0,0.0,0.0,0.0,0.0,0.1538,0.0,13.9132,0.0002,40346983264,PROGRESSIVE NATIONAL BANK,156,84272387.2,87733197.77999999
18.6618,18.6864,-0.0249,1.0249,0.3749,0.1838,0.25,0.0,0.0,0.0136,0.0,0.0,0.0988,0.0,14.2797,0.0,41861926355,ZENITH BANK OF INDIA,162,127262802.47,130436309.45
17.6795,17.7156,-0.0367,1.0367,0.4801,1.159,0.9167,0.0,0.0,0.0001,0.0,0.0001,0.0859,0.0,12.6039,0.0,41894697953,Cornerstone Bank of India,326,47654008.72,49404729.32
16.854,16.8662,-0.0123,1.0123,0.5282,1.5657,0.8333,0.0,0.0,0.0092,0.0,0.0004,0.0756,0.0,11.7126,0.0,42030628886,Metropolitan Bank,344,20873792.5,21130203.520000003
18.3127,18.3058,0.0069,0.9931,0.5554,0.9872,0.8333,0.0,0.0,0.0066,0.0,0.0,0.0683,0.0,13.2278,0.0013,42146130224,Royal Commerce Bank,322,89761988.18,89144953.78
16.8161,16.8612,-0.0462,1.0462,0.5197,1.5096,0.8333,0.0,0.0,0.0,0.0,0.0,0.1667,0.0,11.7149,0.0021,42629316013,Prosperity Bank Limited,336,20096609.82,21024848.939999998
17.1396,17.1872,-0.0487,1.0487,0.5261,1.3027,0.8333,0.0,0.0,0.0,0.0,0.0,0.0745,0.0,12.0823,0.0,43021457839,Citadel Bank of India,322,27774616.92,29126797.019999996
18.2381,18.2199,0.018,0.982,0.773,1.0356,0.6667,0.0,0.0,0.0,0.0,0.0,0.1437,0.0,13.1538,0.0,43435427973,Cornerstone Bank of India,320,83309146.66,81808045.0
18.8426,18.856,-0.0135,1.0135,0.707,1.5923,0.75,0.0,0.0,0.0053,0.0,0.0,0.0833,0.0,13.7995,0.0,43757578572,Trustmark Bank,312,152490828.89999998,154545239.16
17.1628,17.2199,-0.0587,1.0587,0.6664,1.0879,0.75,0.0,0.0,0.0005,0.0,0.0005,0.1313,0.0,12.1166,0.0,44790182329,Prosperity Bank Limited,320,28425937.42,30094413.04
18.6241,18.6676,-0.0444,1.0444,0.3386,0.0366,0.25,0.0,0.0,0.0,0.0,0.0,0.1474,0.0,14.2894,0.0053,44826835244,INDUSBANK LIMITED,156,122564541.45000002,128005364.83
17.9299,17.6483,0.2454,0.7546,0.5801,0.9226,0.25,0.3314,0.0,0.0206,0.0,0.0,0.1166,0.0,13.3984,0.0053,45433700303,PROSPERITY BANK LIMITED,163,61214719.79000001,46193149.42
18.9046,18.9101,-0.0055,1.0055,0.2446,0.4177,0.25,0.0,0.0,0.0,0.0,0.0,0.131,0.0,14.4766,0.0018,45520887066,CITADEL BANK OF INDIA,168,162246594.33,163137710.19000006
15.3035,15.3387,-0.0358,1.0358,0.6348,1.5105,0.6667,0.0,0.0,0.0207,0.0,0.0,0.1049,0.0,10.2337,0.0,45868010091,Velocity Banking Corporation,324,4428271.4,4586891.5600000005
17.5785,17.6231,-0.0456,1.0456,0.3179,1.2763,0.8333,0.0,0.0,0.0,0.0,0.0,0.1731,0.0,12.5512,0.0,46552707646,Velocity Banking Corporation,312,43076254.31999999,45039562.92
18.3052,18.2295,0.0729,0.9271,0.5496,1.5811,0.8333,0.0,0.0,0.0094,0.0,0.0,0.1049,0.0,13.1804,0.0,46743771886,Cornerstone Bank of India,324,89089625.34,82597519.14000002
18.069,18.0169,0.0508,0.9492,0.5152,0.3889,0.25,0.0,0.0,0.0133,0.0,0.0001,0.122,0.0,13.6366,0.0032,47315310556,ROYAL COMMERCE BANK,164,70351239.44000001,66776781.9
18.3524,18.3432,0.0091,0.9909,0.5982,1.9568,0.75,0.0,0.0,0.0006,0.0,0.0002,0.1018,0.0,13.2298,0.0,47803927299,Milestone Banking Solutions,334,93400159.92,92546935.38
16.2989,16.3998,-0.1062,1.1062,0.6231,1.4606,0.75,0.0,0.0,0.0,0.0,0.0,0.1582,0.0001,11.2881,0.005,48507051395,Trustmark Bank,316,11982312.739999998,13254292.02
18.2176,18.2435,-0.0263,1.0263,0.3882,0.6273,0.25,0.0,0.0,0.018,0.0,0.0001,0.1071,0.0,13.7999,0.0028,48630549472,SYNERGY BANK LIMITED,168,81623076.06000002,83766363.68
18.2139,18.2544,-0.0413,1.0413,0.3657,0.454,0.25,0.0,0.0,0.0,0.0,0.0,0.15,0.0,13.8523,0.0006,48838733909,CORNERSTONE BANK OF INDIA,160,81322572.07000001,84680460.46
19.2673,19.3634,-0.1008,1.1008,0.3998,0.6084,0.25,0.0,0.0,0.0,0.0,0.0,0.1355,0.0,14.9662,0.0007,49610465463,CORNERSTONE BANK OF INDIA,155,233184363.81,256690823.84000003
18.8136,18.5066,0.2644,0.7356,0.4266,0.4474,0.25,0.1758,0.0,0.0087,0.0,0.0,0.0696,0.0,14.3024,0.0009,51164221247,PARAMOUNT BANKING CORPORATION,158,148136292.5,108972299.45
19.9769,19.9988,-0.0222,1.0222,0.3951,0.5357,0.25,0.1689,0.0,0.0,0.0,0.0,0.1548,0.0,15.6377,0.0048,51632953636,VELOCITY BANKING CORPORATION,155,474095371.31999993,484604878.21000004
17.2126,17.2566,-0.045,1.045,0.3872,0.2994,0.25,0.1865,0.0,0.0,0.0,0.0,0.1613,0.0,12.8845,0.0005,51998733572,HERITAGE BANK LIMITED,155,29876433.119999997,31220111.62
18.7754,18.7369,0.0378,0.9622,0.456,0.5261,0.25,0.0,0.0,0.0198,0.0,0.0,0.1018,0.0,13.6383,0.0016,52934702276,MILESTONE BANKING SOLUTIONS,334,142570969.48000002,137188830.35999995
14.5824,14.5902,-0.0078,1.0078,0.3293,0.743,0.25,0.2517,0.0,0.0304,0.0,0.0018,0.1302,0.0007,10.1496,0.0048,53627143844,METROPOLITAN BANK,169,2153140.27,2169939.67
19.1976,19.0903,0.1017,0.8983,0.3063,0.3222,0.25,0.0,0.0,0.0239,0.0,0.0,0.1024,0.0,14.7265,0.0012,54063535360,TRUSTMARK BANK,166,217475925.67,195348915.69
17.3413,17.3848,-0.0445,1.0445,0.4274,1.2753,0.75,0.0,0.0,0.0134,0.0,0.0,0.1288,0.0,12.2696,0.0013,54197674225,Milestone Banking Solutions,326,33981032.46,35492002.96000001
15.0366,15.1456,-0.1151,1.1151,0.5989,1.2128,0.9167,0.0,0.0,0.0,0.0,0.0,0.1572,0.0008,10.0237,0.0018,54364147693,Royal Commerce Bank,318,3390944.3600000003,3781292.52
17.6574,17.6208,0.0359,0.9641,0.6774,1.231,0.9167,0.0,0.0,0.0001,0.0,0.0001,0.0788,0.0,12.5333,0.0,54383552337,Cornerstone Bank of India,330,46613469.82,44939123.480000004
15.4366,15.6199,-0.2012,1.2012,0.4537,0.7502,0.8333,0.0,0.0,0.0033,0.0,0.0039,0.1257,0.0,10.4145,0.0,55692698165,Milestone Banking Solutions,334,5058501.4,6076352.619999999
17.8815,17.8925,-0.011,1.011,0.2922,1.1666,0.6667,0.0,0.0,0.0058,0.0,0.0001,0.092,0.0,12.7932,0.0012,55851278628,Milestone Banking Solutions,326,58321827.099999994,58964799.739999995
17.399,17.4778,-0.082,1.082,0.7455,1.4697,0.9167,0.0,0.0,0.0,0.0,0.0,0.1266,0.0,12.3766,0.0,55894027550,Synergy Bank Limited,316,35999681.739999995,38951605.98
17.9463,17.9261,0.02,0.98,0.4988,0.2879,0.25,0.0,0.0,0.0,0.0,0.0,0.1887,0.0,13.5605,0.0,55968639138,HERITAGE BANK LIMITED,159,62226866.74000001,60980922.080000006
18.0595,17.9974,0.0602,0.9398,0.3985,0.5043,0.25,0.0,0.0,0.0,0.0,0.0,0.1132,0.0,13.6532,0.0002,56450365356,CITADEL BANK OF INDIA,159,69683616.98,65491293.4
15.1581,15.2044,-0.0473,1.0473,0.1931,0.6452,0.25,0.1702,0.0,0.0,0.0,0.0,0.1097,0.0,10.8313,0.001,56461679761,METROPOLITAN BANK,155,3829084.18,4010390.81
17.8901,17.9932,-0.1086,1.1086,0.3326,0.3974,0.25,0.0,0.0,0.0,0.0,0.0,0.1019,0.0,13.5799,0.0025,56802895776,UNITY NATIONAL BANK,157,58824872.9,65212793.35999999
18.5012,18.4934,0.0078,0.9922,0.7008,0.4655,0.25,0.1771,0.0,0.0294,0.0,0.0,0.0909,0.0,14.0845,0.0009,58006933602,ROYAL COMMERCE BANK,165,108386367.78,107539406.52999999
15.6619,15.7394,-0.0806,1.0806,0.4698,1.5859,0.75,0.0,0.0,0.0,0.0,0.0,0.1154,0.0001,10.6516,0.0,58632655249,Cornerstone Bank of India,312,6336590.279999999,6847623.819999999
18.3292,18.3448,-0.0157,1.0157,0.5282,0.4428,0.25,0.0,0.0,0.0,0.0,0.0,0.125,0.0,13.955,0.0,59393000196,ZENITH BANK OF INDIA,160,91253724.92,92690469.6
16.9544,16.8211,0.1248,0.8752,0.5021,0.1599,0.25,0.0,0.0,0.0,0.0,0.0003,0.0714,0.0,12.4592,0.0049,59656434555,ZENITH BANK OF INDIA,168,23078747.2,20198694.959999993
17.7052,17.7436,-0.0392,1.0392,0.5568,1.4192,0.75,0.0,0.0,0.0184,0.0,0.0,0.1879,0.0,12.6186,0.0,59670132185,Cornerstone Bank of India,330,48894523.68000001,50809190.16
18.7231,18.706,0.017,0.983,0.4164,0.2276,0.25,0.0,0.0,0.0095,0.0,0.0,0.0854,0.0,13.6147,0.0022,60108027008,SYNERGY BANK LIMITED,328,135310820.88,133013669.24000001
17.591,17.6005,-0.0096,1.0096,0.6353,1.566,1.0,0.0,0.0,0.0178,0.0,0.0005,0.1176,0.0,12.46,0.002,60273451072,IndusBank Limited,340,43617904.760000005,44036750.10000001
17.5775,17.3788,0.1802,0.8198,0.5936,1.2282,0.8333,0.0,0.0,0.0126,0.0,0.0,0.1375,0.0,12.4079,0.0,60799143859,Zenith Bank of India,320,43033368.0,35280115.7
17.035,17.0432,-0.0082,1.0082,0.3989,0.4867,0.25,0.0,0.0,0.0286,0.0,0.0001,0.1265,0.0,12.6202,0.0016,61370448090,CITADEL BANK OF INDIA,166,25014605.87,25220652.22
17.7418,17.7441,-0.0023,1.0023,0.2599,0.9007,0.25,0.2399,0.0,0.0326,0.0,0.0,0.1338,0.0,13.3799,0.0011,62045674489,ROYAL COMMERCE BANK,157,50717920.79000001,50836209.45
17.4361,17.4718,-0.0363,1.0363,0.7289,0.9166,0.8333,0.0,0.0,0.0,0.0,0.0,0.1056,0.0,12.3727,0.0031,62817766691,Zenith Bank of India,322,37357915.980000004,38715785.8
16.5166,16.5891,-0.0753,1.0753,0.5312,1.4665,0.8333,0.0,0.0,0.0281,0.0,0.0015,0.128,0.0,11.4536,0.0,63090750665,Prosperity Bank Limited,328,14895252.54,16016251.04
16.3808,16.4856,-0.1105,1.1105,0.2234,0.3617,0.25,0.0,0.0,0.0131,0.0,0.0003,0.1056,0.0,12.0463,0.0033,64242042354,VELOCITY BANKING CORPORATION,161,13004543.949999997,14441253.1
15.1249,15.3347,-0.2335,1.2335,0.2588,0.5031,0.25,0.0,0.0,0.0579,0.0,0.0,0.1187,0.0,10.1602,0.0006,65234365927,TRUSTMARK BANK,320,3703895.6799999997,4568724.7
17.9114,17.968,-0.0582,1.0582,0.3645,0.6113,0.25,0.0,0.0,0.0,0.0,0.0,0.1538,0.0,13.5834,0.0029,66157751453,CORNERSTONE BANK OF INDIA,156,60090259.839999996,63590057.6
15.9837,16.0639,-0.0836,1.0836,0.4554,1.2167,0.9167,0.0,0.0,0.0063,0.0,0.0,0.1104,0.0,10.9309,0.0,66680946836,Trustmark Bank,326,8742088.02,9472669.2
16.781,16.8129,-0.0325,1.0325,0.3925,1.5231,0.9167,0.0,0.0,0.0,0.0,0.0,0.1,0.0,11.7219,0.0009,66813546975,Velocity Banking Corporation,320,19403417.439999998,20033564.1
18.4527,18.4367,0.0158,0.9842,0.3873,0.2756,0.25,0.0,0.0,0.0116,0.0,0.0,0.1635,0.0,13.3758,0.0012,67374661751,SYNERGY BANK LIMITED,318,103251911.6,101617321.72
17.613,17.592,0.0207,0.9793,0.741,1.1768,0.8333,0.0,0.0,0.0143,0.0,0.0004,0.1138,0.0,12.4846,0.0,67553919409,Citadel Bank of India,334,44587062.16,43663648.900000006
19.8188,19.7203,0.0938,0.9062,0.4973,0.3237,0.25,0.0,0.0,0.0,0.0,0.0,0.0798,0.0,14.677,0.0004,67699966034,PARAMOUNT BANKING CORPORATION,326,404754125.65999997,366806222.91999996
18.1272,18.0904,0.0362,0.9638,0.5649,1.0776,0.9167,0.0,0.0,0.0,0.0,0.0,0.1019,0.0,13.0527,0.0,68629259538,Synergy Bank Limited,314,74565184.14,71868851.98
18.066,17.9982,0.0656,0.9344,0.3147,0.8608,0.25,0.0,0.0,0.0257,0.0,0.0,0.1333,0.0,13.6199,0.0024,68889231143,MILESTONE BANKING SOLUTIONS,165,70139676.09,65539400.82
17.4576,17.3887,0.0666,0.9334,0.4353,0.9111,0.8333,0.0,0.0,0.0135,0.0,0.0,0.1069,0.0,12.3549,0.0,69051827793,Citadel Bank of India,318,38173275.16,35630861.44000001
18.729,18.5335,0.1776,0.8224,0.3467,0.2832,0.25,0.0,0.0,0.0095,0.0,0.0,0.1125,0.0,14.254,0.0018,69651806101,ROYAL COMMERCE BANK,160,136112672.23000002,111941112.59999998
19.8855,19.8946,-0.0092,1.0092,0.4303,0.224,0.25,0.0,0.0,0.0066,0.0019,0.0,0.1006,0.0,14.8212,0.0008,71015452603,CITADEL BANK OF INDIA,318,432672626.34,436636870.02
17.2276,17.0995,0.1203,0.8797,0.3386,0.4694,0.25,0.0,0.0,0.0671,0.0,0.0,0.1358,0.0,12.7711,0.0015,71854921337,ROYAL COMMERCE BANK,162,30328025.32,26680705.84
16.6699,16.7219,-0.0534,1.0534,0.6062,1.0707,0.8333,0.0,0.0,0.0153,0.0,0.0,0.0888,0.0,11.5663,0.0,72189100705,Paramount Banking Corporation,338,17364022.519999996,18290444.82
17.0938,17.1259,-0.0326,1.0326,0.3931,1.3805,0.75,0.0,0.0,0.0003,0.0,0.0004,0.1043,0.0,12.0163,0.0,72478117548,Royal Commerce Bank,326,26531548.68,27396112.4
16.7928,16.8487,-0.0575,1.0575,0.4923,1.2707,0.6667,0.0,0.0,0.0,0.0,0.0,0.141,0.0,11.7713,0.0,72541788493,Velocity Banking Corporation,312,19633939.400000002,20763772.56
19.2376,19.2022,0.0348,0.9652,0.3741,0.2747,0.25,0.0,0.0,0.0074,0.0,0.0,0.1043,0.0,14.1263,0.0,74048203960,UNITY NATIONAL BANK,326,226346792.7,218477478.0
17.2068,17.1985,0.0082,0.9918,0.4436,2.9185,0.8333,0.0,0.0,0.0029,0.0,0.0003,0.0802,0.0,12.1151,0.0008,75137514967,Prosperity Bank Limited,324,29703098.46,29459733.439999998
17.3399,17.3155,0.0242,0.9758,0.6418,1.1504,0.8333,0.0,0.0,0.0002,0.0,0.0002,0.1152,0.0,12.2219,0.0,75874379357,Royal Commerce Bank,330,33934650.34,33115087.14
17.829,17.8713,-0.0431,1.0431,0.4366,0.8637,0.25,0.0,0.0,0.0167,0.0,0.0,0.1429,0.0,12.769,0.0001,76395069446,MILESTONE BANKING SOLUTIONS,322,55340868.42,57727987.04
16.4926,16.5679,-0.0782,1.0782,0.2111,0.5195,0.25,0.0,0.0,0.0313,0.0,0.0002,0.1341,0.0,12.1243,0.0031,76404266174,PROGRESSIVE NATIONAL BANK,164,14542998.219999997,15680655.649999999
16.0829,16.0538,0.0286,0.9714,0.3667,1.5001,0.8333,0.0,0.0,0.0165,0.0,0.0,0.1069,0.0,10.9996,0.0019,77637743797,Synergy Bank Limited,318,9653853.54,9377672.14
17.4529,17.4142,0.038,0.962,0.5477,0.8838,0.25,0.3533,0.0,0.0226,0.0,0.0,0.1358,0.0,13.0393,0.004,77659088047,CORNERSTONE BANK OF INDIA,162,37991751.42,36549263.21
17.2101,17.0645,0.1354,0.8646,0.4964,1.0506,0.9167,0.0,0.0,0.0003,0.0,0.0003,0.118,0.0,12.0585,0.0,77664960765,Unity National Bank,322,29801103.12,25764942.5
17.6382,17.7084,-0.0726,1.0726,0.607,1.2825,1.0,0.0,0.0,0.0,0.0,0.0,0.1226,0.0,12.6305,0.0013,78411628570,Progressive National Bank,310,45729287.31999999,49051271.36
14.0108,14.113,-0.1077,1.1077,0.4171,1.8841,0.75,0.0,0.0,0.0,0.0,0.0,0.1111,0.0017,8.9757,0.0022,78439336112,Progressive National Bank,324,1215603.7599999998,1346519.02
17.9983,18.043,-0.0457,1.0457,0.2919,0.5719,0.25,0.1758,0.0,0.0396,0.0,0.0,0.1218,0.0,13.6642,0.0015,78567198875,INDUSBANK LIMITED,156,65547677.019999996,68544872.0
17.6708,17.696,-0.0255,1.0255,0.6483,1.1545,0.9167,0.0,0.0,0.0,0.0067,0.0,0.1019,0.0,12.6272,0.0,79097758719,Citadel Bank of India,314,47242155.42,48446353.3
17.0891,16.9072,0.1663,0.8337,0.382,1.0332,0.75,0.0,0.0,0.0118,0.0,0.001,0.1118,0.0,11.8665,0.0,80310637389,Cornerstone Bank of India,340,26405635.160000004,22013863.32
16.5068,16.4482,0.0569,0.9431,0.4591,0.5401,0.25,0.0,0.0,0.0,0.0,0.0,0.1104,0.0,12.1341,0.0012,80462665678,PARAMOUNT BANKING CORPORATION,154,14750397.66,13910511.87
16.9316,16.7171,0.193,0.807,0.4875,1.2875,0.8333,0.0,0.0,0.0,0.0,0.0,0.1728,0.0,11.7425,0.0,80945330034,Progressive National Bank,324,22557484.400000002,18203879.0
18.1265,18.1617,-0.0359,1.0359,0.2943,0.321,0.25,0.0,0.0,0.0,0.0,0.0,0.1582,0.0,13.7748,0.0015,81019457835,INDUSBANK LIMITED,158,74513261.2,77186758.96000002
18.2504,18.154,0.0919,0.9081,0.3138,0.0916,0.25,0.0,0.0,0.0187,0.0,0.0,0.1212,0.0,13.7906,0.0034,81169579904,PARAMOUNT BANKING CORPORATION,165,84342359.19999999,76595040.84
16.3484,16.2954,0.0516,0.9484,0.4248,1.2985,0.6667,0.0,0.0,0.008,0.0,0.0,0.1534,0.0001,11.2285,0.0012,81490805470,IndusBank Limited,326,12589590.96,11940487.62
16.6643,16.7003,-0.0366,1.0366,0.3558,0.8246,1.0,0.0,0.0,0.0002,0.0,0.0002,0.1098,0.0,11.5826,0.0012,81797225187,Zenith Bank of India,328,17266945.48,17899193.72
17.0024,17.0403,-0.0386,1.0386,0.4934,0.0856,0.25,0.0,0.0,0.0119,0.0,0.0,0.1111,0.0,12.6271,0.0002,81815716840,INDUSBANK LIMITED,162,24213619.670000006,25148934.03
19.5163,19.5169,-0.0006,1.0006,0.518,0.2925,0.25,0.0,0.0,0.0117,0.0,0.0,0.1228,0.0,15.0681,0.003,82098771188,ZENITH BANK OF INDIA,171,299095312.46,299279872.86
17.2185,17.0799,0.1295,0.8705,0.5443,1.3725,0.75,0.0,0.0,0.0227,0.0,0.0,0.1411,0.0,12.0579,0.0,82179940373,Zenith Bank of India,326,30054607.22,26163578.54
19.4242,19.4487,-0.0248,1.0248,0.3257,0.057,0.25,0.0,0.0,0.0,0.0,0.0,0.1139,0.0,14.374,0.0002,82237950193,CORNERSTONE BANK OF INDIA,316,272788143.09999996,279565796.44000006
16.7324,16.7743,-0.0428,1.0428,0.4703,1.1515,0.6667,0.0,0.0,0.0,0.0229,0.0,0.1447,0.0,11.6846,0.0013,83981788719,Velocity Banking Corporation,318,18482780.5,19273816.28
16.6894,16.7684,-0.0823,1.0823,0.4367,1.686,0.75,0.0,0.0,0.0352,0.0,0.001,0.1138,0.0,11.6117,0.0,84066925404,Prosperity Bank Limited,334,17705691.7,19162016.52
17.0929,17.0418,0.0498,0.9502,0.6356,1.783,0.8333,0.0,0.0,0.0,0.0,0.0,0.1019,0.0,12.0114,0.0,84203621210,Progressive National Bank,314,26506640.78,25186557.200000003
19.0524,19.0752,-0.023,1.023,0.4648,0.2204,0.25,0.0,0.0,0.025,0.0,0.0,0.1139,0.0,14.6944,0.0012,84237508943,PROSPERITY BANK LIMITED,158,188093415.67999998,192417852.59
17.2168,17.2372,-0.0206,1.0206,0.3163,0.3365,0.25,0.0,0.0,0.0,0.004,0.0,0.1274,0.0,12.8639,0.0012,84370336629,UNITY NATIONAL BANK,157,30002668.68,30619606.01
18.4609,18.4878,-0.0273,1.0273,0.5418,0.786,0.25,0.0,0.0,0.0,0.0,0.0001,0.1024,0.0,14.0556,0.0056,84555911581,HERITAGE BANK LIMITED,166,104101360.12,106941292.13
16.4942,16.715,-0.247,1.247,0.4099,0.3703,0.25,0.0,0.0,0.0269,0.0077,0.0,0.0875,0.0,12.2286,0.0034,84815109873,ZENITH BANK OF INDIA,160,14565918.280000001,18164085.33
17.9809,18.0589,-0.0812,1.0812,0.5804,0.5266,0.25,0.1923,0.0,0.0,0.0,0.0,0.1076,0.0,13.6512,0.0032,85057987727,UNITY NATIONAL BANK,158,64416350.81,69644524.36999999
17.3226,17.3906,-0.0704,1.0704,0.4777,1.3145,0.9167,0.0,0.0,0.0,0.0,0.0,0.1161,0.0,12.3138,0.001,85630361321,Metropolitan Bank,310,33351001.419999994,35698325.66
16.1074,16.095,0.0123,0.9877,0.6412,1.3774,0.6667,0.0,0.0,0.0009,0.0,0.0009,0.135,0.0,11.0075,0.0,86226762875,Citadel Bank of India,326,9893355.599999998,9771919.86
18.962,18.9373,0.0244,0.9756,0.3635,0.2436,0.25,0.0,0.0,0.0106,0.0,0.0,0.0926,0.0,14.5553,0.002,86506037054,VELOCITY BANKING CORPORATION,162,171825994.46000004,167640883.75000003
16.4106,16.4525,-0.0428,1.0428,0.5511,1.3426,0.9167,0.0,0.0,0.0,0.0048,0.0,0.0645,0.0,11.3883,0.0,86738991633,Metropolitan Bank,310,13397308.36,13971046.740000002
18.8017,18.7324,0.0669,0.9331,0.2856,0.1919,0.25,0.0,0.0,0.0153,0.0,0.0,0.1287,0.0,14.3191,0.0016,88424875386,MILESTONE BANKING SOLUTIONS,171,146371532.04,136573213.05
17.9044,17.986,-0.085,1.085,0.2455,0.5418,0.25,0.1932,0.0,0.0,0.0,0.0,0.0759,0.0,13.5766,0.0098,88487347221,CITADEL BANK OF INDIA,158,59675713.33,64749914.06000001
17.4428,17.4692,-0.0268,1.0268,0.4402,0.9962,0.75,0.0,0.0,0.005,0.0,0.0,0.1187,0.0,12.3809,0.0,88888465116,Prosperity Bank Limited,320,37610094.2,38616620.2
15.2587,15.2102,0.0474,0.9526,0.5497,1.1853,0.8333,0.0,0.0,0.0017,0.0186,0.0017,0.1758,0.0002,10.1289,0.0,89311272158,Zenith Bank of India,330,4234331.199999999,4033689.0799999996
18.8555,18.9414,-0.0898,1.0898,0.3586,0.6385,0.25,0.2277,0.0,0.0,0.0,0.0,0.1076,0.0,14.5299,0.0,89773485859,PROGRESSIVE NATIONAL BANK,158,154464412.25,168331298.98999998
16.6288,16.649,-0.0204,1.0204,0.4662,1.3671,0.8333,0.0,0.0,0.0001,0.0,0.0001,0.1506,0.0,11.527,0.0,89872837954,Progressive National Bank,332,16664645.819999998,17004358.34
18.6934,18.6093,0.0807,0.9193,0.4941,0.0106,0.25,0.0,0.0,0.0,0.0,0.0,0.0823,0.0,14.2828,0.0025,90007491297,ZENITH BANK OF INDIA,158,131359342.92000002,120752230.61999997
18.035,18.1015,-0.0688,1.0688,0.4459,2.6365,0.8333,0.3677,0.0,0.0,0.0,0.0,0.1146,0.0,13.0126,0.0012,90232806172,Heritage Bank Limited,314,68000523.52000001,72677682.85999998
18.3987,18.4375,-0.0396,1.0396,0.6941,0.5156,0.9167,0.0,0.0,0.0,0.0,0.0,0.0962,0.0,13.3684,0.0,90543677448,IndusBank Limited,312,97821888.91999999,101691616.32000001
17.5574,17.6244,-0.0693,1.0693,0.7044,0.7893,1.0,0.0,0.0,0.0,0.0,0.0,0.1019,0.0,12.5353,0.0,90740203149,Trustmark Bank,314,42178543.559999995,45102316.86
18.6549,18.6347,0.02,0.98,0.4709,0.3417,0.25,0.0,0.0,0.0,0.0,0.0001,0.1145,0.0,13.5328,0.0032,91195532925,PARAMOUNT BANKING CORPORATION,332,126387321.56,123860677.76
17.5443,17.4284,0.1094,0.8906,0.6276,0.788,0.25,0.276,0.0,0.0167,0.0,0.0002,0.1205,0.0,13.0692,0.006,92432539257,HERITAGE BANK LIMITED,166,41627759.83,37073409.18
19.1599,19.11,0.0487,0.9513,0.4056,0.4682,0.25,0.1983,0.0,0.0068,0.0,0.0,0.097,0.0,14.7225,0.0014,92670086425,PROGRESSIVE NATIONAL BANK,165,209439974.81999996,199240939.83999997
18.2042,18.2039,0.0003,0.9997,0.7975,1.4867,0.8333,0.0,0.0,0.0051,0.0,0.0001,0.1212,0.0,13.0981,0.0,92911879264,Citadel Bank of India,330,80533505.13999999,80512066.96
17.0176,16.9891,0.0282,0.9718,0.5999,1.1301,0.5833,0.0,0.0,0.0139,0.0,0.0005,0.1628,0.0,11.856,0.0,93237170696,Citadel Bank of India,344,24584353.279999997,23892162.42
17.3903,17.4476,-0.059,1.059,0.558,1.2011,0.25,0.2718,0.0,0.008,0.0,0.0,0.0793,0.0,13.0127,0.0036,93384223381,METROPOLITAN BANK,164,35686841.85000001,37793209.730000004
15.8878,15.9133,-0.0258,1.0258,0.3842,1.5386,0.75,0.0,0.0,0.0053,0.0,0.0,0.141,0.0003,10.8508,0.0,93416161428,Progressive National Bank,312,7943215.920000001,8148224.82
17.9233,17.964,-0.0416,1.0416,0.3792,0.4743,0.25,0.0,0.0,0.0,0.0,0.0,0.0892,0.0,13.5808,0.0009,93457819175,METROPOLITAN BANK,157,60811161.52,63339573.04
17.2059,17.221,-0.0152,1.0152,0.575,1.559,0.8333,0.0,0.0,0.0392,0.0,0.0,0.1288,0.0,12.1197,0.0,93638283222,IndusBank Limited,326,29676455.76,30128306.900000002
17.8871,17.8962,-0.0091,1.0091,0.5235,0.0793,0.25,0.0,0.0,0.0,0.0,0.0,0.0864,0.0,13.4972,0.0019,93671569562,METROPOLITAN BANK,162,58653034.370000005,59184790.86000001
17.4265,17.4163,0.0102,0.9898,0.7386,1.2864,0.9167,0.0,0.0,0.0003,0.0,0.0003,0.0783,0.0,12.3094,0.0014,94447540786,Velocity Banking Corporation,332,37002944.739999995,36625668.8
16.89,17.093,-0.2251,1.2251,0.351,0.5596,0.25,0.0,0.0,0.0224,0.0,0.0002,0.1288,0.0,12.596,0.0045,94650079468,HERITAGE BANK LIMITED,163,21638132.46,26509645.95
19.4287,19.4431,-0.0145,1.0145,0.5029,0.3375,0.25,0.2357,0.0,0.0225,0.0,0.0,0.118,0.0,15.0477,0.0,94751801234,VELOCITY BANKING CORPORATION,161,274022723.08,277993712.12999994
11.1917,11.9611,-1.1584,2.1584,0.4847,0.782,0.25,0.0,0.0,0.0508,0.0,0.0,0.1203,0.0031,7.2798,0.0489,95246614414,CITADEL BANK OF INDIA,158,72525.8,156536.92999999996
15.1696,15.1291,0.0397,0.9603,0.4445,1.3168,0.8333,0.0,0.0,0.0167,0.0,0.0,0.1288,0.0002,10.0559,0.0,95479438059,Velocity Banking Corporation,326,3873356.96,3719434.1199999996
18.146,18.0975,0.0474,0.9526,0.6322,1.6965,0.75,0.3367,0.0,0.0216,0.0,0.0001,0.0833,0.0,12.9981,0.0,95968475532,Progressive National Bank,336,75981687.58000001,72381363.76
13.8854,14.0627,-0.194,1.194,0.5963,1.3962,0.75,0.0,0.0,0.0,0.0,0.0,0.1013,0.0004,8.9155,0.0,96750646515,Metropolitan Bank,316,1072360.82,1280445.82
16.0762,16.0135,0.0607,0.9393,0.5814,1.5791,1.0,0.0,0.0,0.0155,0.0,0.0018,0.1,0.0,10.9096,0.0,96900933738,Synergy Bank Limited,340,9589449.18,9007156.400000002
19.6872,19.6636,0.0234,0.9766,0.4924,0.8126,0.25,0.194,0.0,0.0,0.0,0.0,0.0563,0.0,15.2934,0.0048,96940418624,METROPOLITAN BANK,160,354844314.6,346558024.03999996
16.8556,16.7411,0.1081,0.8919,0.5162,0.3831,0.25,0.1887,0.0,0.0137,0.0,0.0003,0.1243,0.0,12.3632,0.0,97189968246,PROSPERITY BANK LIMITED,169,20906568.040000003,18645880.73
17.1843,17.2149,-0.0311,1.0311,0.5003,1.0426,0.5833,0.0,0.0,0.014,0.0,0.0007,0.1265,0.0,12.0877,0.0,97801221995,Trustmark Bank,332,29043673.36,29945972.059999995
17.3387,17.2801,0.0569,0.9431,0.5429,1.18,0.75,0.0,0.0,0.0,0.0,0.0,0.1625,0.0,12.2347,0.0,98258124363,Progressive National Bank,320,33892568.14,31963615.120000005
17.5933,17.6116,-0.0185,1.0185,0.3072,0.4577,0.25,0.0,0.0,0.0,0.0,0.0,0.0759,0.0,12.5399,0.0021,98758289918,ZENITH BANK OF INDIA,316,43717843.480000004,44527839.86
18.0138,18.0889,-0.0779,1.0779,0.3806,0.4111,0.25,0.0,0.0,0.0,0.0,0.0,0.1603,0.0,13.0022,0.0,99093498837,PARAMOUNT BANKING CORPORATION,312,66573968.17999999,71762012.56
19.8608,19.858,0.0028,0.9972,0.4677,0.5853,0.25,0.2494,0.0,0.0034,0.0,0.0,0.1446,0.0,15.4406,0.0008,99912110708,CITADEL BANK OF INDIA,166,422133077.33,420947762.02
